{
  "selected_coef": 0.1,
  "selection_reason": "best ratio=0.5 (criterion: > 3.0)",
  "trials": [
    {
      "coef": 0.1,
      "mean_grpo_loss": 0.08095207044552807,
      "mean_protect_magnitude": 0.17857015387465555,
      "mean_protect_count": 0.0,
      "grpo_to_protect_ratio": 0.4533348305358525,
      "protection_fires": true,
      "n_steps": 10
    },
    {
      "coef": 0.3,
      "mean_grpo_loss": 0.056879837197872506,
      "mean_protect_magnitude": 0.8679278406004111,
      "mean_protect_count": 0.0,
      "grpo_to_protect_ratio": 0.06553521449262929,
      "protection_fires": true,
      "n_steps": 10
    },
    {
      "coef": 0.5,
      "mean_grpo_loss": 0.07445689615172643,
      "mean_protect_magnitude": 1.227669998506705,
      "mean_protect_count": 0.0,
      "grpo_to_protect_ratio": 0.060648949833663125,
      "protection_fires": true,
      "n_steps": 10
    }
  ],
  "elapsed_seconds": 1139.0300900936127
}